{"inception_v3": {"epoch_loss": 1.011916024875641, "epoch_acc": 76.54000091552734, "duration": 54.263463497161865}, "alexnet": {"epoch_loss": 1.9515379371643067, "epoch_acc": 55.779998779296875, "duration": 16.166654586791992}, "vgg11": {"epoch_loss": 1.3309122424125672, "epoch_acc": 68.9000015258789, "duration": 64.71227955818176}, "vgg13": {"epoch_loss": 1.2787503193855285, "epoch_acc": 70.18000030517578, "duration": 103.21161198616028}, "vgg16": {"epoch_loss": 1.1593183007717132, "epoch_acc": 71.30000305175781, "duration": 130.81126475334167}, "vgg19": {"epoch_loss": 1.1233541536331177, "epoch_acc": 72.75999450683594, "duration": 160.899995803833}, "vgg19_bn": {"epoch_loss": 1.0166240265846251, "epoch_acc": 75.23999786376953, "duration": 164.48239850997925}, "densenet161": {"epoch_loss": 0.9023953524827957, "epoch_acc": 78.4000015258789, "duration": 163.0168697834015}, "resnet152": {"epoch_loss": 0.9255528146743774, "epoch_acc": 78.69999694824219, "duration": 189.7507688999176}}