{"vgg19": {"epoch_loss": 1.1233541641712188, "epoch_acc": 72.75999450683594, "duration": 154.74814629554749}, "densenet161": {"epoch_loss": 0.9023953526973725, "epoch_acc": 78.4000015258789, "duration": 166.5040843486786}, "resnet152": {"epoch_loss": 0.9255528154373169, "epoch_acc": 78.69999694824219, "duration": 196.8693253993988}}