{"alexnet": {"epoch_loss": 7.801700021362305, "epoch_acc": 2.8999998569488525, "duration": 10.93689751625061}, "vgg11": {"epoch_loss": 6.874032070922851, "epoch_acc": 3.8799996376037598, "duration": 74.96555852890015}, "vgg13": {"epoch_loss": 6.648590747833252, "epoch_acc": 4.440000057220459, "duration": 114.47665619850159}, "vgg16": {"epoch_loss": 6.769888232421875, "epoch_acc": 4.779999732971191, "duration": 140.64612650871277}, "vgg19": {"epoch_loss": 6.7126751785278325, "epoch_acc": 5.240000247955322, "duration": 166.88713955879211}, "vgg19_bn": {"epoch_loss": 5.882464977264404, "epoch_acc": 9.239999771118164, "duration": 175.84774112701416}, "densenet161": {"epoch_loss": 5.821078597259522, "epoch_acc": 16.420000076293945, "duration": 169.75442719459534}, "inception_v3": {"epoch_loss": 5.698838468933105, "epoch_acc": 15.479999542236328, "duration": 62.29200720787048}, "resnet152": {"epoch_loss": 5.967871647644043, "epoch_acc": 11.019999504089355, "duration": 196.69385719299316}}