{"alexnet": {"epoch_loss": 6.808453016662598, "epoch_acc": 4.179999828338623, "duration": 10.506211042404175}, "vgg11": {"epoch_loss": 6.244010221099853, "epoch_acc": 7.159999847412109, "duration": 65.89034080505371}, "vgg13": {"epoch_loss": 6.112137905883789, "epoch_acc": 7.539999485015869, "duration": 109.34596967697144}, "vgg16": {"epoch_loss": 5.983471884918213, "epoch_acc": 8.859999656677246, "duration": 137.94587516784668}, "vgg19": {"epoch_loss": 5.823302931976318, "epoch_acc": 10.059999465942383, "duration": 164.99944353103638}, "vgg19_bn": {"epoch_loss": 5.35559217300415, "epoch_acc": 13.09999942779541, "duration": 172.82524490356445}, "densenet161": {"epoch_loss": 4.875419006347657, "epoch_acc": 23.35999870300293, "duration": 168.39498090744019}, "inception_v3": {"epoch_loss": 4.8702103076934815, "epoch_acc": 23.239999771118164, "duration": 61.977091789245605}, "resnet152": {"epoch_loss": 5.058014964294434, "epoch_acc": 18.399999618530273, "duration": 194.69344353675842}}